{"last_download_success": 1598545643.7084088, "last_download_failure": 1598588449.9587157}