{"last_download_success": 1598588438.4616873, "last_download_failure": 1598588448.182091}